text,hint
CI/CD,ソフトウェアの開発プロセスにおいて継続的な統合と継続的なデリバリーを行う手法です。
DevOps,ソフトウェア開発と運用のプロセスや文化を統合し、効率的な開発・デリバリーを実現する手法です。
REST,Webサービスのアーキテクチャスタイルで、HTTPプロトコルを使用してリソースを操作します。
アジャイル開発,柔軟な計画と迅速な反応性を重視するソフトウェア開発の手法です。
サイバーセキュリティ,情報システムやネットワークを保護するためのセキュリティ対策や技術です。
スケーラビリティ,システムやアプリケーションが負荷増加時に適切に拡張できる能力です。
データセキュリティ,データの機密性や整合性を保護するためのセキュリティ対策や仕組みです。
データマイグレーション,異なるデータベースやシステム間でデータを移行・転送する作業や手法です。
ハッシュテーブル,キーと値のペアを関連付けて格納するデータ構造です。
バッチ処理,一定の手順に基づいてまとまったデータを一括で処理する方式です。
パフォーマンス,プログラムやシステムの処理速度や効率性のことです。
フルスタック,フロントエンドとバックエンドの両方の開発に精通したエンジニアのことです。
フロントエンド,ユーザーが直接操作するインターフェースや表示部分のことです。
マイクロサービス,独立して機能する小さなサービスで構成されるアプリケーションのアーキテクチャです。
マルチテナンシー,複数のユーザーが共有のシステムやアプリケーションを使用することです。
ユーザーエクスペリエンス,ユーザーが製品やサービスを使用する際の全体的な体験や満足度のことです。
ユーザビリティ,製品やサービスが使いやすいかどうかを評価する要素や観点です。
仮想化,物理的なリソースを論理的に分割し、効率的に利用する技術や手法です。